timestamp,vehicle_count
18:06:16,4
18:06:18,4
18:06:18,4
18:06:20,4
18:06:20,5
18:06:22,5
18:06:22,3
18:06:24,3
18:06:24,5
18:06:26,5
18:06:26,5
18:06:28,5
18:06:28,6
18:06:30,6
18:06:30,6
18:06:32,6
18:06:32,5
18:06:34,5
18:06:34,7
18:06:36,7
18:06:37,7
18:06:38,7
18:06:39,7
18:06:40,7
18:06:41,9
18:06:42,9
18:06:43,4
18:06:44,4
18:06:45,5
18:06:46,5
18:06:47,7
18:06:48,7
18:06:49,10
18:06:50,10
18:06:51,7
18:06:53,7
18:06:53,5
18:06:55,5
18:06:55,5
18:06:57,5
18:06:57,6
18:06:59,6
18:06:59,5
18:07:01,5
18:07:01,8
18:07:03,8
18:07:03,5
18:07:05,5
18:07:05,8
18:07:07,8
18:07:07,8
18:07:09,8
18:07:09,8
18:07:11,8
18:07:11,14
18:07:13,14
18:07:13,9
18:07:15,9
18:07:16,8
18:07:17,8
18:07:18,5
18:07:19,5
18:07:20,9
18:07:21,9
18:07:22,11
18:07:23,11
18:07:24,9
18:07:25,9
18:07:26,8
18:07:27,8
18:07:28,6
18:07:29,6
18:07:30,8
18:07:31,8
18:07:32,9
18:07:34,9
18:07:34,7
18:07:36,7
18:07:36,7
18:07:38,7
18:07:38,5
18:14:22,4
18:14:24,4
18:14:24,4
18:14:26,4
18:14:26,5
18:14:28,5
18:14:28,3
18:14:30,3
18:14:30,5
18:14:32,5
18:14:32,5
18:14:34,5
18:14:34,6
18:14:36,6
18:14:37,6
18:14:39,6
18:14:39,5
18:14:41,5
18:14:41,7
18:14:43,7
18:14:43,7
18:14:45,7
18:14:45,7
18:14:47,7
18:14:47,9
18:14:49,4
18:14:49,9
18:14:51,5
18:14:51,4
18:14:53,7
18:14:53,5
18:14:55,7
18:14:55,10
18:14:57,10
18:14:57,7
18:14:59,7
18:14:59,5
18:15:01,5
18:15:01,5
18:15:03,6
18:15:03,5
18:15:05,5
18:15:06,6
18:15:08,8
18:15:08,5
18:15:10,5
18:15:10,8
18:15:12,8
18:15:12,5
18:15:14,8
18:15:14,8
18:15:16,8
18:15:16,8
18:15:18,14
18:15:18,8
18:15:20,9
18:15:20,14
18:15:22,8
18:15:22,9
18:15:24,5
18:15:24,8
18:15:26,9
18:15:26,5
18:15:28,9
18:15:28,11
18:15:30,11
18:15:30,9
18:15:32,9
18:15:32,8
18:15:34,8
18:15:34,6
18:15:36,8
18:15:36,6
18:15:38,9
18:15:38,8
18:15:40,9
18:15:42,7
18:15:43,7
18:15:44,5
18:15:45,7
18:15:47,8
18:15:47,5
18:15:49,8
18:15:49,8
18:15:51,7
18:15:51,8
18:15:53,8
18:15:53,7
18:15:55,10
18:15:55,8
18:15:57,10
18:15:57,10
18:15:59,8
18:15:59,10
18:16:01,7
18:16:01,8
18:16:03,7
18:16:03,7
18:16:05,7
18:16:05,7
18:16:07,5
18:16:07,7
18:16:09,5
18:16:09,6
18:16:11,9
18:16:13,9
18:16:13,11
18:16:15,11
18:16:15,8
18:16:17,8
18:16:17,9
18:16:19,9
18:16:19,8
18:16:21,8
18:16:21,6
18:16:23,6
18:16:23,7
18:16:25,7
18:16:25,10
18:16:27,10
18:16:27,7
18:16:29,7
18:16:29,7
18:16:31,7
18:16:31,7
18:16:33,8
18:16:33,7
18:16:35,8
18:16:37,10
18:16:37,8
18:16:40,6
18:16:40,10
18:16:42,8
18:16:42,6
18:16:44,7
18:16:44,8
18:16:46,8
18:16:46,7
18:16:48,7
18:16:48,8
18:16:50,8
18:16:50,7
18:16:52,8
18:16:52,8
18:16:54,9
18:16:54,8
18:16:56,9
18:16:56,9
18:16:58,7
18:16:58,9
18:17:00,7
18:17:00,6
18:17:02,6
18:17:02,10
18:17:04,10
18:17:04,10
18:17:06,10
18:17:06,10
18:17:08,12
18:17:08,10
18:17:10,7
18:17:10,12
18:17:12,7
18:17:12,7
18:17:14,7
18:17:14,7
18:17:16,7
18:17:16,5
18:17:18,5
18:17:18,6
18:17:20,9
18:17:20,6
18:17:22,11
18:17:22,9
18:17:24,7
18:17:24,11
18:17:26,7
18:17:26,7
18:17:28,8
18:17:28,7
18:17:30,11
18:17:30,8
18:17:32,12
18:17:32,11
18:17:34,5
18:17:35,12
18:17:37,5
18:17:37,7
18:17:39,7
18:17:39,9
18:17:41,9
18:17:41,10
18:17:43,8
18:17:43,10
18:17:45,8
18:17:45,8
18:17:47,7
18:17:47,8
18:17:49,7
18:17:49,7
18:17:51,10
18:17:51,7
18:17:53,7
18:17:53,10
18:17:55,9
18:17:55,7
18:17:57,7
18:41:16,4
18:41:18,4
18:41:18,4
18:41:20,4
18:41:20,5
18:41:22,5
18:41:22,3
18:41:24,3
18:41:24,5
18:41:26,5
18:41:26,5
18:41:28,5
18:41:28,6
18:41:30,6
18:41:30,6
18:41:32,6
18:41:32,5
18:41:34,5
18:41:34,7
18:41:36,7
18:41:36,7
18:41:38,7
18:41:38,7
18:41:40,7
18:41:40,9
18:41:42,9
18:41:42,4
18:41:44,4
18:41:44,5
18:41:46,5
18:41:46,7
18:41:48,7
18:41:48,10
18:41:50,10
18:41:50,7
18:41:52,7
18:41:52,5
18:42:30,4
18:42:32,4
18:42:32,4
18:42:34,4
18:42:34,5
18:42:36,5
18:42:36,3
18:42:38,3
18:42:38,5
18:42:40,5
18:42:40,5
18:42:42,5
18:42:42,6
18:42:44,6
18:42:44,6
18:42:46,6
18:42:46,5
18:42:48,5
18:42:48,7
18:42:50,7
18:42:50,7
18:42:52,7
18:42:52,7
18:42:54,7
18:42:54,9
18:42:56,9
18:42:56,4
18:42:58,4
18:42:58,5
18:43:00,7
18:43:00,5
18:43:02,10
18:43:02,7
18:43:05,10
18:43:05,7
18:43:07,7
18:43:07,5
18:43:09,5
18:43:09,5
18:43:11,5
18:43:11,6
18:43:13,6
18:43:13,5
18:43:15,5
18:43:15,8
18:43:17,8
18:43:17,5
18:43:19,5
18:43:19,8
18:43:21,8
18:43:21,8
18:43:23,8
18:43:23,8
18:43:25,8
18:43:25,14
18:43:27,14
18:43:27,9
18:43:29,9
18:43:29,8
18:43:31,8
18:43:31,5
18:43:33,9
18:43:33,5
18:43:35,9
18:43:35,11
18:43:37,11
18:43:37,9
23:17:54,4
23:17:56,4
23:17:56,4
23:17:58,4
23:17:59,5
23:18:00,5
23:18:01,3
23:18:02,3
23:18:03,5
23:18:04,5
23:18:05,5
23:18:06,5
23:18:07,6
23:18:08,6
23:18:09,6
23:18:11,6
23:18:11,5
23:18:13,5
23:18:13,7
23:18:15,7
23:18:15,7
23:18:17,7
23:18:17,7
23:18:19,7
23:18:19,9
23:18:21,9
23:18:21,4
23:18:23,4
23:18:23,5
23:18:25,5
23:18:25,7
23:18:27,7
23:18:27,10
23:18:29,10
23:18:29,7
23:18:31,7
23:18:31,5
23:18:33,5
23:18:33,5
23:18:35,5
23:18:36,6
23:18:37,6
23:18:38,5
23:18:39,5
23:18:40,8
23:18:41,8
23:18:42,5
23:18:43,5
23:18:44,8
23:18:45,8
23:18:46,8
23:18:47,8
23:18:48,8
23:18:50,8
23:18:50,14
23:18:52,14
23:18:52,9
23:18:54,9
23:18:54,8
23:18:56,8
23:18:56,5
23:18:58,5
23:18:58,9
23:19:00,9
23:19:00,11
23:19:02,11
23:19:02,9
23:19:04,9
23:19:04,8
23:19:06,8
23:19:06,6
23:19:08,6
23:19:08,8
23:19:10,8
23:19:10,9
23:19:12,9
23:19:12,7
10:24:06,4
10:24:08,4
10:24:10,4
10:24:10,5
10:24:12,4
10:24:12,3
10:24:14,5
10:24:14,5
10:24:16,3
10:24:16,5
10:24:18,5
10:24:18,6
10:24:20,5
10:24:20,6
10:24:22,6
10:24:22,5
10:24:24,6
10:24:24,7
10:24:26,5
10:24:26,7
10:24:28,7
10:24:28,7
10:24:30,7
10:24:30,9
10:24:33,7
10:24:33,4
10:24:35,9
10:24:35,5
10:24:37,4
10:24:37,7
10:24:39,5
10:24:39,10
10:24:41,7
10:24:41,7
10:24:43,10
10:24:43,5
10:24:45,7
10:24:45,5
10:24:47,5
10:24:47,6
10:24:49,5
10:24:49,5
10:24:51,6
10:24:51,8
10:24:53,5
10:24:53,5
10:24:55,8
10:24:55,8
10:24:57,5
10:24:57,8
10:24:59,8
10:24:59,8
10:25:01,8
10:25:01,14
10:25:03,8
10:25:03,9
10:25:05,14
10:25:05,8
10:25:07,9
10:25:07,5
10:25:09,8
10:25:10,9
10:25:12,5
10:25:12,11
10:25:14,9
10:25:14,9
10:25:16,11
10:25:16,8
10:25:18,9
10:25:18,6
10:25:20,8
10:25:20,8
10:25:22,6
10:25:22,9
10:25:24,8
10:25:24,7
10:25:26,9
10:25:26,7
10:25:28,7
10:25:28,5
10:25:30,8
10:25:30,7
10:25:32,8
10:25:32,5
10:25:34,7
10:25:34,8
10:25:36,8
10:25:38,7
10:25:38,10
10:25:40,8
10:25:40,10
10:25:42,8
10:25:42,10
10:25:44,7
10:25:44,10
10:25:47,8
10:25:47,7
10:25:49,7
10:25:49,7
10:25:51,7
10:25:51,5
10:25:53,7
10:25:53,6
10:25:55,5
10:25:55,9
10:25:57,6
10:25:57,11
10:25:59,9
10:25:59,8
10:26:01,9
10:26:01,11
10:26:03,8
10:26:03,8
10:26:05,6
10:26:05,9
10:26:07,7
10:26:07,8
10:26:09,10
10:26:09,6
10:26:11,7
10:26:11,7
10:26:13,7
10:26:13,10
10:26:15,7
10:26:15,7
10:26:17,8
10:26:17,7
10:26:19,8
10:26:19,7
10:26:21,10
10:26:21,8
10:26:23,6
10:26:23,8
10:26:25,8
10:26:26,10
10:26:28,7
10:26:28,6
10:44:02,4
10:44:04,4
10:44:04,4
10:44:06,4
10:44:06,5
10:44:08,5
10:44:08,3
10:44:10,3
10:44:10,5
10:44:12,5
10:44:12,5
10:44:14,5
10:44:14,6
10:44:16,6
10:44:16,6
10:44:18,6
10:44:18,5
10:44:20,5
10:44:20,7
10:44:22,7
10:44:22,7
10:44:24,7
10:44:24,7
10:44:26,7
10:44:26,9
10:44:28,9
10:44:28,4
10:44:30,4
10:44:31,5
10:44:32,5
10:44:33,7
10:44:34,7
10:44:35,10
10:44:36,10
10:44:37,7
10:44:38,7
10:44:39,5
10:44:40,5
10:44:41,5
10:44:42,5
10:44:43,6
10:44:44,6
10:44:45,5
10:44:46,5
10:44:47,8
10:44:49,8
10:44:49,5
10:44:51,5
10:44:51,8
10:44:53,8
10:44:53,8
10:44:55,8
10:44:55,8
10:44:57,8
10:44:57,14
10:44:59,14
10:44:59,9
10:45:01,9
10:45:01,8
10:45:03,8
10:45:03,5
10:45:05,5
10:45:05,9
10:45:07,9
10:45:08,11
10:45:09,11
10:45:10,9
10:45:11,9
10:45:12,8
10:45:13,8
10:45:14,6
10:45:15,6
10:45:16,8
10:45:17,8
10:45:18,9
10:45:19,9
10:45:20,7
10:45:21,7
10:45:22,7
10:45:23,7
10:45:24,5
10:45:26,5
10:45:26,8
10:45:28,8
10:45:28,8
10:45:30,8
10:45:30,7
10:45:32,7
10:45:32,8
10:45:34,8
10:45:34,10
10:45:36,10
10:45:36,10
10:45:38,10
10:45:38,8
10:45:40,8
10:45:40,7
10:45:42,7
10:45:42,7
10:45:44,7
10:45:44,7
10:45:46,7
10:45:46,5
10:45:48,5
10:45:48,6
10:45:50,6
10:45:51,9
10:45:52,9
10:45:53,11
10:45:54,11
10:45:55,8
10:45:56,8
10:45:57,9
10:45:58,9
10:45:59,8
10:46:00,8
10:46:01,6
10:46:02,6
10:46:03,7
10:46:04,7
10:46:05,10
10:46:06,10
10:46:07,7
10:46:09,7
10:46:09,7
10:46:11,7
10:46:11,7
10:46:13,7
10:46:13,8
10:46:15,8
10:46:15,8
10:46:17,8
10:46:17,10
15:28:54,4
15:28:56,4
15:28:56,4
15:28:58,5
15:28:58,4
15:29:00,3
15:29:00,5
15:29:02,5
15:29:02,3
15:29:04,5
15:29:04,5
15:29:06,6
15:29:06,5
15:29:08,6
15:29:08,6
15:29:10,5
15:29:10,6
15:29:12,7
15:29:12,5
15:29:14,7
15:29:14,7
15:29:16,7
15:29:17,7
15:29:18,9
15:29:19,7
15:29:20,4
15:29:21,9
15:29:23,5
15:29:23,4
15:29:25,7
15:29:25,5
15:29:27,10
15:29:27,7
15:29:29,7
15:29:29,10
16:45:38,4
16:45:40,4
16:45:42,5
16:45:44,4
16:45:44,3
16:45:46,4
16:45:46,5
16:45:48,5
16:45:48,5
16:45:50,3
16:45:50,6
16:45:52,5
16:45:52,6
16:45:54,5
16:45:54,5
16:45:56,6
16:45:56,7
16:45:58,6
16:45:58,7
16:46:00,5
16:46:00,7
16:46:02,7
16:46:02,9
16:46:04,7
16:46:04,4
16:46:06,7
16:46:06,5
16:46:08,9
16:46:08,7
16:46:10,4
16:46:11,10
16:46:12,5
16:46:13,7
16:46:14,7
16:46:15,5
16:46:16,10
16:46:17,5
16:46:18,7
16:46:19,6
16:46:20,5
16:46:21,5
16:46:22,5
16:46:23,8
16:46:25,6
16:46:25,5
16:46:27,5
16:46:27,8
16:46:29,8
16:46:29,8
16:46:31,5
16:46:31,8
16:46:33,8
16:46:33,14
16:46:35,8
16:46:35,9
16:46:37,8
16:46:37,8
16:46:39,14
16:46:39,5
16:46:41,9
16:46:41,9
16:46:43,8
16:46:43,11
16:46:45,5
16:46:45,9
16:46:47,9
16:46:47,8
16:46:49,11
16:46:49,6
16:46:51,9
16:46:51,8
16:46:53,8
16:46:53,9
16:46:55,6
16:46:56,7
16:46:57,8
16:46:58,7
16:46:59,9
16:47:00,5
16:47:01,7
16:47:02,8
16:47:03,7
16:47:04,8
16:47:05,5
16:47:06,7
16:47:07,8
16:47:08,8
16:47:09,8
16:47:10,10
16:47:11,7
16:47:12,10
16:47:14,8
16:47:14,8
16:47:16,10
16:47:16,7
16:47:18,10
16:47:18,7
16:47:20,8
16:47:20,7
16:47:22,7
16:47:22,5
16:47:24,7
16:47:24,6
16:47:26,7
16:47:26,9
16:47:28,5
16:47:28,11
16:47:30,6
16:47:30,8
16:47:32,9
16:47:32,9
16:47:34,11
16:47:34,8
16:47:36,8
16:47:36,6
16:47:38,9
16:47:38,7
16:47:40,8
16:47:41,10
16:47:42,6
16:47:43,7
16:47:44,7
16:47:45,7
16:47:46,10
16:47:47,7
16:47:48,7
16:47:49,8
16:47:50,7
16:47:51,8
16:47:52,7
16:47:53,10
16:47:54,8
16:47:55,6
16:47:56,8
16:47:57,8
16:47:58,10
16:47:59,7
16:48:00,6
16:48:01,8
16:48:03,8
16:48:03,7
16:48:05,7
16:48:05,8
16:48:07,8
16:48:07,8
16:48:09,7
16:48:09,9
16:48:11,8
16:48:11,9
16:48:13,8
16:48:13,7
16:48:15,9
16:48:15,6
16:48:17,9
16:48:17,10
16:48:19,7
16:48:19,10
16:48:21,6
16:48:21,10
16:48:23,10
16:48:24,12
16:48:25,10
16:48:26,7
16:48:27,10
16:48:28,7
16:48:29,12
16:48:30,7
16:48:31,7
16:48:32,5
16:48:33,7
16:48:34,6
16:48:35,7
16:48:36,9
16:48:37,5
16:48:38,11
16:48:39,6
16:48:40,7
16:48:41,9
16:48:42,7
16:48:43,11
16:48:44,8
16:48:45,7
16:48:46,11
16:48:48,7
16:48:48,12
16:48:50,8
16:48:50,5
16:48:52,11
16:48:52,7
16:48:54,12
16:48:54,9
16:48:56,5
16:48:56,10
16:48:58,7
16:48:58,8
16:49:00,9
16:49:00,8
16:49:02,10
16:49:02,7
16:49:04,8
16:49:04,7
16:49:06,8
16:49:06,10
16:49:08,7
16:49:09,7
16:49:10,7
16:49:11,9
16:49:12,10
16:49:13,7
16:49:14,7
16:49:15,5
16:49:16,9
16:49:17,5
16:49:18,7
16:49:19,6
16:49:20,5
16:49:21,5
16:49:22,5
16:49:23,7
16:49:24,6
16:49:25,6
16:49:26,5
16:49:27,8
16:49:29,7
16:49:29,9
16:49:31,6
16:49:31,9
16:49:33,8
16:49:33,8
16:49:35,9
16:49:35,9
16:49:37,9
16:49:37,9
16:49:39,8
16:49:39,8
16:49:41,9
16:49:41,8
16:49:43,9
16:49:43,8
16:49:45,8
16:49:45,10
16:49:47,8
16:49:47,7
16:49:49,8
16:49:49,9
16:49:51,10
16:49:51,8
16:49:53,7
16:49:54,9
16:49:55,9
16:49:56,8
16:49:57,8
16:49:58,10
16:49:59,9
16:50:00,9
16:50:01,8
16:50:02,11
16:50:03,10
16:50:04,7
16:50:05,9
16:50:06,7
16:50:07,11
16:50:08,7
16:50:09,7
16:50:10,7
16:50:11,7
16:50:12,12
16:50:13,7
16:50:14,10
16:50:15,7
16:50:16,10
16:50:18,12
16:50:18,8
16:50:20,10
16:50:20,8
16:50:22,10
16:50:22,8
16:50:24,8
16:50:24,6
16:50:26,8
16:50:26,8
16:50:28,8
16:50:28,8
16:50:30,6
16:50:30,7
16:50:32,8
16:50:32,4
16:50:34,8
16:50:34,8
16:50:36,7
16:50:36,8
16:50:38,4
16:50:38,5
16:50:40,8
16:50:40,8
16:50:42,8
16:50:42,7
16:50:44,5
16:50:44,7
16:50:46,8
16:50:46,8
16:50:48,7
16:50:49,7
16:50:50,7
16:50:51,9
16:50:52,8
16:50:53,8
16:50:54,7
16:50:55,8
16:50:56,9
16:50:57,9
16:50:58,8
16:50:59,9
16:51:00,8
16:51:01,9
16:51:02,9
16:51:03,7
16:51:04,9
16:51:05,7
16:51:07,9
16:51:07,7
16:51:09,7
16:51:09,10
16:51:11,7
16:51:11,9
16:51:13,7
16:51:13,10
16:51:15,10
16:51:15,6
16:51:17,9
16:51:17,6
16:51:19,10
16:51:19,2
16:51:21,6
16:51:21,7
16:51:23,6
16:51:23,7
16:51:25,2
16:51:25,7
16:51:27,7
16:51:27,7
16:51:29,7
16:51:29,6
16:51:31,7
16:51:31,5
16:51:33,7
16:51:33,5
16:51:35,6
16:51:35,4
16:51:37,5
16:51:37,5
16:51:39,5
16:51:39,7
16:51:41,4
16:51:42,7
16:51:43,5
16:51:44,9
16:51:45,7
16:51:46,8
16:51:47,7
16:51:48,7
16:51:49,9
16:51:50,7
16:51:52,8
16:51:52,10
16:51:54,7
16:51:54,8
16:51:56,7
16:51:56,5
16:51:58,10
16:51:58,5
16:52:00,8
16:52:00,5
16:52:02,5
16:52:02,8
16:52:04,5
16:52:04,7
16:52:06,5
16:52:06,7
16:52:08,8
16:52:08,8
16:52:10,7
16:52:10,8
16:52:12,7
16:52:12,9
16:52:14,8
16:52:14,7
16:52:16,8
16:52:16,6
16:52:18,9
16:52:18,7
16:52:20,7
16:52:20,5
16:52:22,6
16:52:22,8
16:52:24,7
16:52:24,10
16:52:26,5
16:52:26,7
16:52:28,8
16:52:29,9
16:52:30,10
16:52:31,9
16:52:32,7
16:52:33,8
16:52:34,9
16:52:35,7
16:52:37,9
16:52:37,7
16:52:39,8
16:52:39,4
16:52:41,7
16:52:41,5
16:52:43,7
16:52:43,6
16:52:45,4
16:52:45,9
16:52:47,5
16:52:47,6
16:52:49,6
16:52:49,10
16:52:51,9
16:52:51,9
16:52:53,6
16:52:53,8
16:52:55,10
16:52:55,7
16:52:57,9
16:52:57,9
16:52:59,8
16:53:00,9
16:53:01,7
16:53:02,9
16:53:03,9
16:53:04,10
16:53:05,9
16:53:06,8
16:53:07,9
16:53:08,7
16:53:10,10
16:53:10,7
16:53:12,8
16:53:12,9
16:53:14,7
16:53:14,8
16:53:16,7
16:53:16,8
16:53:18,9
16:53:18,7
16:53:20,8
16:53:20,8
16:53:22,8
16:53:22,8
16:53:24,7
16:53:24,7
16:53:26,8
16:53:26,7
16:53:28,8
16:53:28,4
16:53:30,7
16:53:30,4
16:53:32,7
16:53:32,5
16:53:34,4
16:53:34,3
16:53:36,4
16:53:36,5
16:53:38,5
16:53:38,5
16:53:40,3
16:53:40,6
16:53:42,5
16:53:43,6
16:53:44,5
16:53:45,5
16:53:46,6
16:53:47,7
16:53:48,6
16:53:49,7
16:53:50,5
16:53:51,7
16:53:52,7
16:53:53,9
16:53:55,7
16:53:55,4
16:53:57,7
16:53:57,5
16:53:59,9
16:53:59,7
16:54:01,4
16:54:01,10
16:54:03,5
16:54:03,7
16:54:05,7
16:54:05,5
16:54:07,10
16:54:07,5
16:54:09,7
16:54:09,6
16:54:11,5
16:54:12,5
16:54:13,5
16:54:14,8
16:54:15,6
16:54:16,5
16:54:17,5
16:54:18,8
16:54:19,8
16:54:20,8
16:54:21,5
16:54:22,8
16:54:23,8
16:54:24,14
16:54:25,8
16:54:26,9
16:54:27,8
16:54:28,8
16:54:29,14
16:54:30,5
16:54:31,9
16:54:32,9
16:54:33,8
16:54:34,11
16:54:36,5
16:54:36,9
16:54:38,9
16:54:38,8
20:38:27,4
20:38:29,4
20:38:31,4
20:38:31,5
20:38:33,4
20:38:33,3
20:38:35,5
20:38:35,5
20:38:37,3
20:38:37,5
20:38:39,5
20:38:39,6
20:38:41,5
20:38:41,6
20:38:43,6
20:38:43,5
20:38:45,6
20:38:45,7
20:38:47,5
20:38:47,7
20:38:49,7
20:38:49,7
20:38:51,7
20:38:51,9
20:39:26,4
20:39:28,4
20:39:28,4
20:39:30,4
20:39:30,5
20:39:32,5
20:39:32,3
20:39:34,3
20:39:34,5
20:39:36,5
20:39:36,5
20:39:38,5
20:39:38,6
20:39:40,6
20:39:40,6
20:39:42,6
20:39:42,5
20:39:44,5
20:39:44,7
20:39:46,7
20:39:46,7
20:39:48,7
20:39:48,7
20:39:50,7
20:39:50,9
20:39:52,9
20:39:52,4
20:39:54,5
20:39:54,4
20:39:56,7
20:39:57,5
20:39:58,10
20:39:59,7
20:40:01,7
20:40:01,10
20:40:03,5
20:40:03,7
20:41:20,4
20:41:22,4
20:41:22,4
20:41:24,5
20:41:24,4
20:41:26,3
20:41:26,5
20:41:28,5
20:41:28,3
20:41:30,5
20:41:30,5
20:41:32,6
20:41:32,5
20:41:35,6
20:41:35,6
20:41:37,6
20:41:37,5
20:43:36,4
20:43:39,4
20:43:39,4
20:43:41,5
20:43:41,4
20:43:43,3
20:43:43,5
20:43:45,5
20:43:45,3
20:43:47,5
20:43:48,5
20:43:49,6
20:43:50,5
20:43:51,6
20:43:52,6
20:43:53,5
20:43:54,6
20:43:55,7
20:43:56,5
20:43:57,7
20:43:58,7
20:43:59,7
20:44:00,7
20:44:01,9
20:44:02,7
20:44:03,4
20:44:04,9
20:44:05,5
20:44:06,4
20:44:07,7
20:44:08,5
20:44:09,10
20:44:10,7
20:44:11,7
20:44:12,10
20:44:13,5
20:44:14,7
20:44:15,5
20:44:16,5
20:44:18,6
20:44:18,5
20:44:20,5
20:44:20,6
20:44:22,8
20:44:22,5
20:44:24,5
20:44:25,8
20:44:26,8
20:44:27,5
20:44:28,8
20:44:29,8
20:44:30,8
20:44:31,8
20:44:32,14
20:44:33,8
20:44:34,9
20:44:35,14
20:44:36,8
20:44:37,9
20:44:38,5
20:44:39,8
20:44:40,9
20:44:41,5
20:44:42,11
20:44:43,9
20:44:44,9
20:44:45,11
20:44:46,8
20:44:47,9
20:44:48,6
20:44:49,8
20:44:50,8
20:44:51,6
20:44:52,9
20:44:53,8
20:44:55,7
20:44:55,9
20:44:57,7
20:44:57,7
20:44:59,5
20:44:59,7
20:45:01,8
20:45:01,5
20:45:03,8
20:45:04,8
20:45:05,7
20:51:28,4
20:51:30,4
20:51:30,4
20:51:32,5
20:51:32,4
20:51:34,3
20:51:34,5
20:51:36,5
20:51:37,3
20:51:38,5
20:51:39,5
20:51:40,6
20:51:41,5
20:51:42,6
20:51:43,6
20:51:44,5
20:51:45,6
20:51:46,7
20:51:47,5
20:51:48,7
20:51:49,7
20:51:50,7
20:51:51,7
20:51:52,9
20:51:53,7
20:51:54,4
20:51:55,9
20:51:56,5
20:51:57,4
20:51:58,7
20:51:59,5
20:52:00,10
20:52:01,7
20:52:02,7
20:52:03,10
20:52:04,5
20:52:05,7
20:52:06,5
20:52:07,5
20:52:09,6
20:52:09,5
20:52:11,5
20:52:11,6
20:52:13,8
20:52:13,5
20:52:15,5
20:52:15,8
20:52:17,8
20:52:17,5
20:52:19,8
20:52:19,8
20:52:21,8
20:52:21,8
20:52:23,14
20:52:23,8
20:52:25,9
20:52:25,14
20:52:27,8
20:52:28,9
20:52:29,5
20:52:30,8
20:52:31,9
20:52:32,5
20:52:33,11
20:52:34,9
20:52:35,9
20:52:36,11
20:52:37,8
20:52:38,9
20:52:39,6
20:52:40,8
20:52:41,8
20:52:42,6
20:52:43,9
20:52:44,8
20:52:45,7
20:52:46,9
20:52:47,7
20:52:48,7
20:52:49,5
20:52:50,7
20:52:51,8
20:52:52,5
20:52:53,8
20:52:54,8
20:52:55,7
20:52:56,8
20:52:57,8
20:52:58,7
20:52:59,10
20:53:00,8
20:53:01,10
20:53:02,10
20:53:03,8
20:53:04,10
20:53:05,7
20:53:06,8
20:53:07,7
20:53:08,7
20:53:10,7
20:53:10,7
20:53:12,5
20:53:12,7
20:53:14,6
20:53:14,5
20:53:16,9
20:53:16,6
20:53:18,11
20:53:18,9
20:53:20,8
20:53:20,11
20:53:22,9
20:53:23,8
20:53:24,8
20:53:25,9
20:53:26,6
20:53:27,8
20:53:28,7
20:53:29,6
20:53:30,10
20:53:31,7
20:53:32,7
20:53:33,10
20:53:34,7
20:53:35,7
20:53:36,7
20:53:37,7
20:53:38,8
20:53:39,7
20:55:17,4
20:55:19,4
20:55:19,4
20:55:21,5
20:55:21,4
20:55:23,3
20:55:23,5
20:55:25,5
20:55:25,3
20:55:27,5
20:55:27,5
20:55:29,6
20:55:29,5
20:55:31,6
20:55:31,6
20:55:33,5
20:55:33,6
20:55:35,7
20:55:35,5
20:55:37,7
20:55:37,7
20:55:40,7
20:55:40,7
20:55:42,9
20:55:42,7
20:55:44,4
20:55:44,9
20:55:46,4
20:55:46,5
20:55:48,7
20:55:48,5
20:55:50,7
20:55:50,10
20:55:52,7
20:55:52,10
20:55:54,5
20:55:54,7
20:55:56,5
20:55:56,5
20:55:58,5
20:55:58,6
20:56:01,6
20:56:01,5
20:56:03,8
20:56:03,5
20:56:05,5
20:56:05,8
20:56:07,8
20:56:07,5
20:56:09,8
20:56:09,8
20:56:11,8
20:56:11,8
20:56:13,14
20:56:13,8
20:56:15,9
20:56:15,14
20:56:17,8
20:56:17,9
20:56:19,5
20:56:19,8
20:56:21,5
20:56:21,9
20:56:23,9
20:56:23,11
20:56:26,11
20:56:26,9
20:56:28,9
20:56:28,8
20:56:30,8
20:56:30,6
20:56:32,6
20:56:32,8
20:56:34,8
20:56:34,9
20:56:36,9
20:56:36,7
20:56:38,7
20:56:38,7
20:56:40,7
20:56:40,5
20:56:42,5
20:56:42,8
20:56:44,8
20:56:44,8
20:56:46,8
20:56:46,7
20:56:48,8
20:56:48,7
20:56:50,10
20:56:50,8
20:56:52,10
20:56:52,10
20:56:54,8
20:56:55,10
20:56:57,7
20:56:57,8
20:56:59,7
20:56:59,7
20:57:01,7
20:57:01,7
20:57:03,5
20:57:03,7
20:57:05,5
20:57:05,6
20:57:07,6
20:57:07,9
20:57:09,9
20:57:09,11
20:57:11,11
20:57:11,8
20:57:13,8
20:57:13,9
20:57:15,8
20:57:15,9
20:57:17,6
20:57:17,8
20:57:19,7
20:57:19,6
20:57:21,10
20:57:21,7
20:57:23,7
20:57:23,10
20:57:25,7
20:57:25,7
20:57:28,7
20:57:28,7
21:03:28,8
21:03:28,7
21:03:30,8
21:03:30,8
21:03:32,8
21:03:32,10
21:03:34,10
21:03:34,6
21:03:36,6
21:03:36,8
21:03:38,8
21:03:38,7
21:03:40,7
21:03:40,8
21:03:43,8
21:03:43,7
21:03:45,7
21:03:45,8
21:03:47,8
21:03:47,8
21:03:49,8
21:03:49,9
21:03:51,9
21:03:51,9
21:03:53,7
21:03:53,9
21:03:55,7
21:03:55,6
21:03:57,6
21:03:57,10
21:03:59,10
21:03:59,10
21:04:01,10
21:04:01,10
21:04:03,12
21:04:03,10
21:04:05,12
21:04:05,7
21:04:07,7
21:04:07,7
21:04:09,7
21:04:09,7
21:04:11,7
21:04:11,5
21:04:13,5
21:04:13,6
21:04:15,6
21:04:15,9
21:04:17,9
21:04:17,11
21:04:19,11
21:04:19,7
21:04:21,7
21:04:21,7
21:04:23,7
21:04:24,8
21:04:26,8
21:04:26,11
21:04:28,11
21:04:28,12
21:04:30,12
21:04:30,5
21:04:32,5
21:04:32,7
21:04:34,9
21:04:34,7
21:04:36,10
21:04:36,9
21:04:38,8
21:04:38,10
21:04:40,8
21:04:40,8
21:04:42,7
21:04:42,8
21:04:44,7
21:04:44,7
21:04:46,10
21:04:46,7
21:04:48,7
21:04:48,10
21:04:50,9
21:04:50,7
21:04:52,9
21:04:54,5
21:04:55,7
21:04:57,5
21:04:57,5
21:04:59,6
21:04:59,5
21:05:01,5
21:05:01,6
21:05:03,5
21:05:03,7
21:05:05,7
21:05:05,6
21:05:07,6
21:05:07,8
21:05:09,8
21:05:11,9
21:05:11,9
21:05:13,9
21:05:13,8
21:05:15,9
21:05:15,8
21:05:17,9
21:05:17,9
21:05:19,8
21:05:19,9
21:05:21,8
21:05:21,8
21:05:23,8
21:05:23,8
21:05:25,8
21:05:26,10
21:05:28,10
21:05:28,7
21:05:30,7
21:05:30,9
21:05:32,9
21:05:32,8
21:05:34,8
21:05:34,9
21:05:36,9
21:05:36,8
21:05:38,8
21:05:38,10
21:05:40,10
21:05:40,9
21:05:42,9
21:05:42,11
21:05:44,11
21:05:44,7
21:05:46,7
21:05:46,7
21:05:48,7
21:05:48,7
21:05:50,7
21:05:50,7
21:05:52,7
21:05:52,12
21:05:54,12
21:05:54,10
21:05:56,10
21:05:56,10
21:05:58,10
21:05:58,8
21:06:00,8
21:06:00,8
21:06:02,8
21:06:02,8
21:06:04,8
21:06:04,6
21:06:06,6
21:06:06,8
21:06:08,8
21:06:09,8
21:06:11,8
21:06:11,7
21:06:13,7
21:06:13,4
21:06:15,4
21:06:15,8
21:06:17,8
21:06:17,8
21:06:19,5
21:06:19,8
21:06:21,5
21:06:21,8
21:06:23,7
21:06:23,8
21:06:25,7
21:06:25,7
21:06:27,7
21:06:27,8
21:06:29,8
21:06:29,7
21:06:31,7
21:06:31,9
21:06:33,8
21:06:33,9
21:06:35,8
21:09:53,4
21:09:55,4
21:09:55,4
21:09:57,4
21:09:58,5
21:09:59,5
21:10:00,3
21:10:01,3
21:10:02,5
21:10:03,5
21:10:04,5
21:10:05,5
21:10:06,6
21:10:07,6
21:10:08,6
21:10:09,6
21:10:10,5
21:10:11,5
21:10:12,7
21:10:14,7
21:10:14,7
21:10:16,7
21:10:16,7
21:10:18,7
21:10:18,9
21:10:20,9
21:10:20,4
21:10:22,4
21:10:22,5
21:10:24,5
21:10:24,7
21:10:26,7
21:10:26,10
21:10:28,10
21:10:28,7
21:10:30,7
21:10:30,5
21:10:32,5
21:10:32,5
21:10:34,5
21:10:34,6
21:10:36,6
21:10:36,5
21:11:33,4
21:11:35,4
21:11:35,4
21:11:37,4
21:11:37,5
21:11:39,5
21:11:39,3
21:11:41,3
21:11:41,5
21:11:43,5
21:11:43,5
21:11:45,5
21:11:45,6
21:11:47,6
21:11:47,6
21:11:49,6
21:11:49,5
21:11:51,5
21:11:51,7
21:11:53,7
21:11:53,7
21:11:55,7
21:11:55,7
21:11:57,7
21:11:57,9
21:11:59,9
21:11:59,4
21:12:01,4
21:12:01,5
21:12:03,5
21:12:03,7
21:12:05,7
21:12:05,10
21:15:30,4
21:15:32,4
21:15:32,4
21:15:34,4
21:15:34,5
21:15:36,5
21:15:36,3
21:15:38,3
21:15:38,5
21:15:40,5
21:15:40,5
21:15:42,5
21:15:42,6
21:15:44,6
21:15:44,6
21:15:46,6
21:15:46,5
21:15:48,5
21:15:49,7
21:15:50,7
21:15:51,7
21:15:52,7
21:15:53,7
21:15:55,7
21:15:55,9
21:15:57,9
21:15:57,4
21:15:59,4
21:15:59,5
21:16:01,5
21:16:01,7
21:16:03,7
21:16:03,10
21:16:05,10
21:16:05,7
21:16:07,7
21:16:07,5
21:16:09,5
21:16:09,5
21:16:11,5
21:16:11,6
21:16:13,6
21:16:13,5
21:16:15,5
21:16:15,8
21:16:17,8
21:16:17,5
21:16:19,5
21:16:19,8
21:16:21,8
21:16:21,8
21:16:23,8
21:16:23,8
21:16:25,8
21:16:26,14
21:16:27,14
21:16:28,9
21:16:29,9
21:16:30,8
21:16:31,8
21:16:32,5
21:16:34,5
21:16:34,9
21:16:36,9
21:16:36,11
21:16:38,11
21:16:38,9
21:16:40,9
21:16:40,8
21:16:42,8
21:16:42,6
21:16:44,6
21:16:44,8
21:16:46,8
21:16:46,9
21:16:48,9
21:16:48,7
21:16:50,7
21:16:50,7
21:16:52,7
21:16:52,5
21:16:54,5
21:16:54,8
21:16:56,8
21:16:56,8
21:16:58,8
21:16:58,7
21:17:00,7
21:17:00,8
21:17:02,8
21:17:02,10
21:17:04,10
21:17:05,10
21:17:06,10
21:17:07,8
21:17:08,8
21:17:09,7
21:17:10,7
21:17:11,7
21:17:12,7
21:17:13,7
21:17:15,7
21:17:15,5
21:17:17,5
21:17:17,6
21:17:19,6
21:17:19,9
21:17:21,9
21:17:21,11
21:19:06,4
21:19:08,4
21:19:08,4
21:19:10,5
21:19:10,4
21:19:12,3
21:19:12,5
21:19:14,5
21:19:14,3
21:19:16,5
21:19:16,5
21:19:18,5
21:19:18,6
21:19:20,6
21:19:20,6
21:19:22,5
21:19:22,6
21:19:24,7
21:19:24,5
21:19:26,7
21:19:26,7
21:19:28,7
21:19:28,7
21:19:30,7
21:19:30,9
21:19:32,9
21:19:32,4
21:19:34,4
21:19:34,5
21:19:36,5
21:19:37,7
21:19:38,7
21:19:39,10
21:19:41,10
21:19:41,7
21:19:43,5
21:19:43,7
21:19:45,5
21:19:45,5
21:19:47,6
21:19:47,5
21:19:49,6
21:19:49,5
21:19:51,8
21:19:51,5
21:19:53,5
21:19:53,8
21:19:55,8
21:19:55,5
21:19:57,8
21:19:57,8
21:19:59,8
21:19:59,8
21:20:01,8
21:20:01,14
21:20:03,14
21:20:03,9
21:20:05,9
21:20:06,8
21:20:08,5
21:20:08,8
21:20:10,9
21:20:10,5
21:20:12,11
21:20:12,9
21:20:14,11
21:20:14,9
21:20:16,8
21:20:18,6
21:20:18,8
21:20:20,8
21:20:20,6
21:20:22,9
21:20:22,8
21:20:24,7
21:20:24,9
21:20:26,7
21:20:26,7
21:20:28,5
21:20:28,7
21:20:30,5
21:20:30,8
21:20:33,8
21:20:33,8
21:20:35,8
21:20:35,7
21:20:37,7
21:20:37,8
21:20:39,8
21:20:39,10
21:20:41,10
21:20:41,10
21:25:48,4
21:25:50,4
21:25:50,4
21:25:52,4
21:25:52,5
21:25:54,5
21:25:54,3
21:25:56,3
21:25:56,5
21:25:58,5
21:25:58,5
21:26:00,5
21:26:00,6
21:26:02,6
21:26:02,6
21:26:04,6
21:26:04,5
21:26:06,5
21:26:06,7
21:26:08,7
21:26:08,7
21:26:10,7
21:26:10,7
21:26:12,7
21:26:12,9
21:26:14,9
21:26:14,4
21:26:16,4
21:26:16,5
21:26:18,5
21:26:18,7
21:26:20,7
21:26:20,10
21:26:22,10
21:26:22,7
21:26:24,7
21:26:24,5
21:26:26,5
21:26:26,5
21:26:28,5
21:26:28,6
21:26:30,6
21:26:31,5
21:26:33,5
21:26:33,8
21:26:35,8
21:26:35,5
21:26:37,5
21:26:37,8
21:34:19,4
21:34:21,4
21:34:21,4
21:34:23,4
21:34:23,5
21:34:25,5
21:34:25,3
21:34:27,3
21:34:27,5
21:34:29,5
21:34:29,5
21:34:31,5
21:34:31,6
21:34:33,6
21:34:33,6
21:34:35,6
21:34:35,5
21:34:37,5
21:34:38,7
21:34:39,7
21:34:40,7
21:34:41,7
21:34:42,7
21:34:43,7
21:34:44,9
21:34:46,9
21:34:46,4
21:34:48,4
21:34:48,5
21:34:50,5
21:34:50,7
21:34:52,7
21:34:52,10
21:34:54,10
21:34:54,7
21:34:56,7
21:34:56,5
21:34:58,5
21:34:58,5
21:35:00,5
21:35:00,6
21:35:02,6
21:35:02,5
21:35:04,5
21:35:04,8
21:35:06,8
21:35:06,5
21:35:08,5
21:35:08,8
21:35:10,8
21:35:10,8
21:35:12,8
21:35:12,8
21:35:14,8
21:35:14,14
21:35:16,14
21:35:17,9
21:35:18,9
21:35:19,8
21:35:20,8
21:35:21,5
21:35:22,5
21:35:23,9
21:35:24,9
21:35:25,11
21:35:27,11
21:35:27,9
21:35:29,9
21:35:29,8
21:35:31,8
21:35:31,6
21:35:33,6
21:35:33,8
21:35:35,8
21:35:35,9
21:35:37,9
21:35:37,7
21:35:39,7
21:35:39,7
21:35:41,7
21:35:41,5
21:46:46,4
21:46:48,4
21:46:49,4
21:46:50,5
21:46:51,4
21:46:53,3
21:46:53,5
21:46:55,5
21:46:55,3
21:46:57,5
21:46:57,5
21:46:59,6
21:46:59,5
21:47:01,6
21:47:01,6
21:47:03,5
21:47:03,6
21:47:05,7
21:47:05,5
21:47:07,7
21:47:07,7
21:47:09,7
21:47:09,7
21:47:11,9
21:47:11,7
21:47:13,4
21:47:13,9
21:47:15,5
21:47:15,4
21:47:17,7
21:47:17,5
21:47:19,10
21:47:20,7
21:47:21,7
21:47:22,10
21:47:23,5
21:47:24,7
21:47:25,5
21:47:26,5
21:47:27,6
21:47:28,5
21:47:29,5
21:47:30,6
21:47:31,8
21:47:32,5
21:47:33,5
21:47:34,8
21:47:36,8
21:47:36,5
21:47:38,8
21:47:38,8
21:47:40,8
21:47:40,8
21:47:42,14
21:47:42,8
21:47:44,9
21:47:44,14
21:47:46,8
21:47:46,9
21:53:58,4
21:54:00,4
21:54:01,4
21:54:02,5
21:54:03,4
21:54:04,3
21:54:05,5
21:54:06,5
21:54:07,3
21:54:08,5
21:54:09,5
21:54:10,6
21:54:11,5
21:54:12,6
21:54:13,6
21:54:14,5
21:54:15,6
21:54:16,7
21:54:17,5
21:54:18,7
21:54:19,7
21:54:20,7
21:54:21,7
21:54:22,9
21:54:23,7
21:54:24,4
21:54:25,9
21:54:26,5
21:54:27,4
21:54:28,7
21:54:29,5
21:54:30,10
21:54:31,7
21:54:32,7
21:54:33,10
21:54:35,5
21:54:35,7
21:54:37,5
21:54:37,5
21:54:39,6
21:54:39,5
21:54:41,5
21:54:41,6
21:54:43,8
21:54:44,5
21:54:45,5
21:54:46,8
21:54:47,8
21:54:48,5
21:54:49,8
21:54:50,8
21:54:51,8
21:54:52,8
21:54:53,14
21:54:54,8
21:54:55,9
21:54:56,14
21:54:57,8
21:54:58,9
21:54:59,5
21:55:00,8
21:55:01,9
21:55:02,5
21:55:03,11
21:55:04,9
21:55:05,9
21:55:06,11
21:55:07,8
21:55:08,9
21:55:09,6
21:55:10,8
21:55:11,8
21:55:12,6
21:55:13,9
21:55:14,8
21:55:15,7
21:55:16,9
21:55:17,7
21:55:18,7
21:55:19,5
21:55:20,7
21:55:22,8
21:55:22,5
21:55:24,8
21:55:24,8
21:55:26,7
21:55:26,8
21:55:28,8
21:55:28,7
21:55:30,10
21:55:31,8
21:55:32,10
21:55:33,10
21:55:34,8
21:55:35,10
21:55:36,7
21:55:37,8
21:55:38,7
21:55:39,7
21:55:40,7
21:55:41,7
21:55:42,5
21:55:43,7
21:55:44,6
21:55:45,5
21:55:46,9
21:56:11,4
21:56:13,4
21:56:13,4
21:56:15,5
21:56:15,4
21:56:17,3
21:56:17,5
21:56:19,5
21:56:19,3
21:56:21,5
21:56:21,5
21:56:23,6
21:56:23,5
21:56:25,6
21:56:25,6
21:56:27,5
21:56:27,6
21:56:29,7
21:56:29,5
21:56:31,7
21:56:31,7
21:56:33,7
21:56:33,7
21:56:35,7
21:56:35,9
21:56:38,4
21:56:38,9
21:56:40,5
21:56:40,4
21:56:42,7
21:56:42,5
21:56:44,10
21:56:44,7
21:56:46,7
21:56:46,10
21:56:48,5
21:56:48,7
21:56:50,5
21:56:50,5
21:56:52,6
21:56:52,5
21:56:54,5
21:56:54,6
21:56:56,8
21:56:56,5
21:56:58,8
21:56:58,5
21:57:00,5
21:57:00,8
21:57:02,8
21:57:02,8
22:01:22,4
22:01:24,4
22:01:24,4
22:01:26,5
22:01:26,4
22:01:28,3
22:01:28,5
22:01:30,5
22:01:30,3
22:01:32,5
22:01:32,5
22:01:34,6
22:01:34,5
22:01:36,6
22:01:36,6
22:01:38,5
22:01:38,6
22:01:40,7
22:01:41,5
22:01:42,7
22:01:43,7
22:01:45,7
22:02:34,4
22:02:36,4
22:02:36,4
22:02:38,4
22:02:38,5
22:02:40,5
22:02:40,3
22:02:42,3
22:02:42,5
22:02:44,5
22:02:44,5
22:02:46,5
22:02:46,6
22:02:48,6
22:02:48,6
22:02:50,6
22:02:50,5
22:02:52,5
22:02:52,7
22:02:54,7
22:02:55,7
22:02:56,7
22:02:57,7
22:02:58,7
22:02:59,9
22:03:00,9
22:03:01,4
22:03:02,4
22:03:03,5
22:03:04,5
22:03:05,7
22:03:06,7
22:03:07,10
22:03:09,10
22:03:09,7
22:03:11,7
22:03:11,5
22:03:13,5
22:03:13,5
22:03:15,5
22:03:15,6
22:03:17,6
22:03:17,5
22:03:19,5
22:03:19,8
22:03:21,8
22:03:21,5
22:03:23,5
22:03:23,8
22:08:53,4
22:08:55,4
22:08:55,4
22:08:57,5
22:08:57,4
22:08:59,5
22:08:59,3
22:09:01,3
22:09:01,5
22:09:03,5
22:09:03,5
22:09:05,5
22:09:05,6
22:09:07,6
22:09:07,6
22:09:09,6
22:09:09,5
22:09:11,5
22:09:11,7
22:09:13,7
22:09:13,7
22:09:15,7
22:09:15,7
22:09:17,7
22:09:17,9
22:09:19,9
22:09:20,4
22:09:22,4
22:09:22,5
22:09:24,7
22:09:24,5
22:09:26,10
22:09:26,7
22:09:28,7
22:09:28,10
22:09:30,5
22:09:30,7
22:09:32,5
22:09:32,5
22:09:34,6
22:09:34,5
22:09:36,5
22:09:36,6
22:09:38,8
22:09:38,5
22:09:40,5
22:09:40,8
22:09:42,8
22:09:42,5
22:09:44,8
22:09:44,8
22:09:46,8
22:09:46,8
22:09:48,8
22:09:48,14
22:09:50,14
22:09:50,9
22:09:52,8
22:09:52,9
22:09:54,5
22:09:55,8
22:09:57,9
22:09:57,5
22:09:59,11
22:09:59,9
22:10:01,9
22:10:01,11
22:10:03,8
22:10:03,9
22:10:05,6
22:10:05,8
22:10:07,8
22:10:07,6
22:10:09,9
22:10:09,8
22:10:11,7
22:10:11,9
22:10:13,7
22:10:13,7
22:10:15,5
22:10:15,7
22:10:17,8
22:10:17,5
22:10:19,8
22:10:19,8
22:10:21,7
22:10:21,8
22:10:23,8
22:10:23,7
22:10:25,10
22:10:26,8
22:10:27,10
22:10:28,10
22:10:30,8
22:10:30,10
22:10:32,7
22:10:32,8
22:10:34,7
22:10:34,7
22:10:36,7
22:10:36,7
22:10:38,5
22:10:38,7
22:10:40,6
22:10:40,5
22:10:42,9
22:10:42,6
22:10:44,11
22:10:44,9
22:10:46,8
22:10:46,11
22:10:48,9
22:10:48,8
22:10:50,8
22:10:50,9
22:10:52,6
22:10:52,8
22:10:54,6
22:10:54,7
22:10:56,10
22:10:56,7
22:10:58,7
22:10:58,10
22:11:01,7
22:11:01,7
22:11:03,7
22:11:03,7
22:11:05,8
22:11:05,7
22:11:07,8
22:11:07,8
22:11:09,10
22:11:09,8
22:11:11,6
22:11:11,10
22:11:13,8
22:11:13,6
22:11:15,7
22:11:15,8
22:11:17,8
22:11:19,8
22:11:19,7
22:11:21,8
22:11:21,7
22:11:23,8
22:11:23,8
22:11:25,8
22:11:25,9
22:11:27,9
22:11:27,9
22:11:29,7
22:11:29,9
22:13:45,4
22:13:47,4
22:13:47,4
22:13:49,4
22:13:49,5
22:13:51,5
22:13:51,3
22:13:53,3
22:13:53,5
22:13:55,5
22:13:55,5
22:13:57,5
22:13:57,6
22:14:00,6
22:14:00,6
22:14:02,6
22:14:02,5
22:14:04,5
22:14:04,7
22:14:06,7
22:14:06,7
22:14:08,7
22:14:08,7
22:14:10,7
22:14:10,9
22:14:12,4
22:14:12,9
22:14:14,5
22:14:14,4
22:14:16,7
22:14:16,5
22:14:18,10
22:14:18,7
22:14:20,10
22:14:20,7
22:14:22,7
22:14:22,5
22:15:57,4
22:15:59,4
22:15:59,4
22:16:01,5
22:16:01,4
22:16:03,3
22:16:03,5
22:16:05,5
22:16:05,3
22:16:07,5
22:16:07,5
22:16:09,6
22:16:09,5
22:16:11,6
22:16:11,6
22:16:13,5
22:16:13,6
22:16:15,7
22:16:15,5
22:16:17,7
22:16:17,7
22:16:19,7
22:16:19,7
22:16:21,9
22:16:21,7
22:16:23,4
22:16:23,9
22:16:25,5
22:16:25,4
22:16:27,7
22:16:28,5
22:16:29,10
22:16:30,7
22:16:32,7
22:16:32,10
22:16:34,5
22:16:34,7
22:16:36,5
22:16:36,5
22:16:38,6
22:16:38,5
22:16:40,5
22:16:40,6
22:16:42,8
22:18:42,4
22:18:44,4
22:18:44,4
22:18:46,5
22:18:46,4
22:18:48,3
22:18:49,5
22:18:51,5
22:18:51,3
22:18:53,5
22:18:53,5
22:18:55,6
22:18:55,5
22:18:57,6
22:18:57,6
22:18:59,6
22:18:59,5
22:19:01,5
22:19:01,7
22:19:03,7
22:19:03,7
22:19:05,7
22:19:05,7
22:19:07,7
22:19:07,9
22:19:09,4
22:19:09,9
22:19:11,5
22:19:11,4
22:19:13,7
22:19:13,5
22:19:15,10
22:19:15,7
22:19:17,7
22:19:17,10
22:19:19,5
22:19:19,7
22:19:22,5
22:19:22,5
22:19:24,6
22:19:24,5
22:19:26,6
22:19:26,5
22:19:28,8
22:19:28,5
22:19:30,8
22:19:30,5
22:19:32,8
22:19:32,5
22:19:34,8
22:19:34,8
22:19:36,8
22:19:36,8
22:19:38,14
22:19:38,8
22:19:40,9
22:19:40,14
22:19:42,8
22:19:42,9
22:19:44,5
22:19:44,8
22:19:46,9
22:19:46,5
22:19:48,11
22:19:48,9
22:19:50,9
22:19:50,11
22:19:52,8
22:19:52,9
22:19:54,6
22:19:55,8
22:19:57,8
22:19:57,6
22:19:59,9
22:19:59,8
22:20:01,7
22:20:01,9
22:20:03,7
22:20:03,7
22:20:05,5
22:20:05,7
22:20:07,8
22:20:07,5
22:20:09,8
22:20:09,8
22:20:11,7
22:20:11,8
22:20:13,8
22:20:13,7
22:20:15,8
22:20:15,10
22:20:17,10
22:20:17,10
22:20:19,10
22:20:19,8
22:20:21,8
22:20:21,7
22:20:23,7
22:20:23,7
22:20:25,7
22:20:25,7
22:20:27,7
22:20:27,5
22:20:29,5
22:20:29,6
22:20:31,6
22:20:31,9
22:20:33,9
22:20:34,11
22:20:36,11
22:20:36,8
22:20:38,8
22:20:38,9
22:20:40,9
22:20:40,8
22:20:42,8
22:20:42,6
22:20:44,6
22:20:44,7
22:20:46,7
22:20:46,10
22:20:48,10
22:20:48,7
22:20:50,7
22:20:50,7
22:20:52,7
22:20:52,7
22:20:54,8
22:20:54,7
22:20:56,8
22:20:56,8
22:20:58,10
22:20:58,8
22:21:00,6
22:21:01,10
22:21:03,8
22:21:03,6
22:21:05,7
22:21:05,8
22:21:07,7
22:21:07,8
22:21:09,7
22:21:09,8
22:21:11,8
22:21:11,7
22:21:13,8
22:21:13,8
22:21:15,9
22:21:15,8
22:21:17,9
22:21:17,9
22:21:19,7
22:21:19,9
22:22:06,4
22:22:08,4
22:22:08,4
22:22:10,4
22:22:10,5
22:22:12,5
22:22:12,3
22:22:14,3
22:22:14,5
22:22:16,5
22:22:16,5
22:22:18,5
22:22:18,6
22:22:20,6
22:22:20,6
22:22:22,6
22:22:22,5
22:22:24,5
22:22:24,7
22:22:26,7
22:22:26,7
22:22:28,7
22:22:28,7
22:22:30,7
22:22:30,9
22:22:32,9
22:22:33,4
22:22:34,4
22:22:35,5
22:22:36,5
22:22:37,7
22:22:39,7
22:22:39,10
22:22:41,10
22:22:41,7
22:22:43,7
22:22:43,5
22:22:45,5
22:22:45,5
22:22:47,5
22:22:47,6
22:22:49,6
22:22:49,5
22:22:51,5
22:22:51,8
22:22:53,8
22:22:53,5
22:22:55,5
22:22:55,8
22:22:57,8
22:22:57,8
22:22:59,8
22:22:59,8
22:23:01,8
22:23:01,14
22:23:03,14
22:23:03,9
22:23:05,9
22:23:05,8
22:23:07,8
22:23:07,5
22:23:09,5
22:23:09,9
22:24:30,4
22:24:32,4
22:24:32,4
22:24:34,4
22:24:34,5
22:24:36,5
22:24:36,3
22:24:38,5
22:24:38,3
22:24:40,5
22:24:40,5
22:24:42,6
22:24:42,5
22:24:44,6
22:24:44,6
22:24:46,5
22:24:46,6
22:24:48,7
22:24:48,5
22:24:50,7
22:24:50,7
22:24:52,7
22:24:52,7
22:24:54,9
22:24:54,7
22:24:56,4
22:24:56,9
22:24:58,5
22:24:58,4
22:25:00,7
22:25:00,5
22:25:02,10
22:25:02,7
22:25:04,7
22:25:04,10
22:25:07,5
22:25:07,7
22:25:09,5
22:25:09,5
22:29:21,5
22:29:21,6
22:29:23,6
22:29:23,5
22:29:25,5
22:29:25,8
22:29:27,8
22:29:27,5
22:38:51,4
22:38:53,4
22:38:55,5
22:38:55,4
22:38:57,3
22:38:57,4
22:38:59,5
22:38:59,5
22:39:01,5
22:39:01,3
22:39:03,6
22:39:03,5
22:39:05,6
22:39:05,5
22:39:07,5
22:39:08,6
22:39:09,7
22:39:10,6
22:39:11,7
22:39:12,5
22:39:13,7
22:39:14,7
22:39:15,9
22:39:16,7
22:39:17,4
22:39:18,7
22:39:19,5
22:39:20,9
22:39:22,7
22:39:22,4
22:39:24,10
22:39:24,5
22:39:26,7
22:39:26,7
22:39:28,5
22:39:28,10
22:39:30,5
22:39:30,7
22:39:32,6
22:39:32,5
22:39:34,5
22:39:34,5
22:39:36,8
22:39:36,6
22:39:38,5
22:39:38,5
22:39:40,8
22:39:41,8
22:39:42,8
22:39:43,5
22:39:44,8
22:39:45,8
22:39:46,14
22:39:47,8
22:39:48,9
22:39:49,8
22:39:50,8
22:39:51,14
22:39:52,5
22:39:53,9
22:39:54,9
22:39:55,8
22:39:56,11
22:39:57,5
22:39:58,9
22:39:59,9
22:40:00,8
22:40:01,11
22:40:03,6
22:40:03,9
22:40:05,8
22:40:05,8
22:40:07,9
22:40:07,6
11:55:30,4
11:55:32,4
11:55:33,4
11:55:34,5
11:55:35,4
11:55:36,3
11:55:37,5
11:55:38,5
11:55:39,3
11:55:40,5
11:55:41,5
11:55:43,6
11:55:43,5
11:55:45,6
11:55:45,6
11:55:47,5
11:55:47,6
11:55:49,7
11:55:49,5
11:55:51,7
11:55:51,7
11:55:53,7
11:55:53,7
11:55:55,9
11:55:55,7
11:55:57,4
11:55:57,9
11:55:59,5
11:55:59,4
11:56:01,7
11:56:01,5
11:56:03,10
11:56:03,7
11:56:05,7
11:56:05,10
11:56:07,5
11:56:07,7
11:56:09,5
11:56:09,5
11:56:11,6
11:56:11,5
11:56:13,5
11:56:13,6
11:56:15,8
11:56:15,5
11:56:17,5
11:56:17,8
11:56:19,8
11:56:19,5
11:56:21,8
11:56:21,8
11:56:23,8
11:56:24,8
11:56:25,14
11:56:26,8
11:56:27,9
11:56:28,14
11:56:30,8
11:56:30,9
11:56:32,5
11:56:32,8
11:56:34,9
11:56:34,5
11:56:36,11
11:56:36,9
11:56:38,9
11:56:38,11
11:56:40,8
11:56:40,9
11:56:42,6
11:56:42,8
11:56:44,8
11:56:44,6
11:56:46,9
11:56:46,8
11:56:48,7
11:56:48,9
11:56:50,7
11:56:50,7
11:56:52,5
11:56:52,7
11:56:54,8
11:56:54,5
11:56:56,8
11:56:56,8
11:56:58,7
11:56:58,8
11:57:00,8
11:57:01,7
11:57:02,10
11:57:03,8
11:57:04,10
11:57:05,10
11:57:06,8
11:57:07,10
11:57:08,7
11:57:09,8
11:57:10,7
11:57:11,7
11:57:12,7
11:57:13,7
11:57:14,5
11:57:15,7
11:57:16,6
11:57:17,5
11:57:18,9
11:57:19,6
11:57:20,11
11:57:21,9
11:57:23,8
11:57:23,11
11:57:25,9
11:57:25,8
11:57:27,8
11:57:27,9
11:57:29,6
11:57:29,8
11:57:31,7
11:57:31,6
11:57:33,10
11:57:33,7
11:57:35,7
11:57:35,10
11:57:37,7
11:57:37,7
11:57:39,7
11:57:39,7
11:57:41,8
11:57:41,7
11:57:43,8
11:57:43,8
11:57:45,10
11:57:45,8
11:57:47,6
11:57:47,10
11:57:49,8
11:57:49,6
11:57:51,7
11:57:51,8
11:57:53,8
11:57:53,7
11:57:55,7
11:57:56,8
11:57:57,8
11:57:58,7
11:57:59,8
11:58:00,8
11:58:01,9
11:58:02,8
11:58:03,9
11:58:04,9
11:58:05,7
11:58:06,9
11:58:08,6
11:58:08,7
11:58:10,10
11:58:10,6
11:58:12,10
11:58:12,10
11:58:14,10
11:58:14,10
11:58:16,12
11:58:16,10
11:58:18,7
11:58:18,12
11:58:20,7
11:58:20,7
11:58:22,7
11:58:22,7
11:58:24,5
11:58:24,7
11:58:26,6
11:58:26,5
11:58:28,9
11:58:28,6
11:58:30,11
11:58:30,9
11:58:32,7
11:58:32,11
11:58:34,7
11:58:34,7
11:58:36,8
11:58:37,7
11:58:38,11
11:58:39,8
11:58:40,12
11:58:41,11
11:58:42,5
11:58:43,12
11:58:44,7
11:58:45,5
11:58:46,9
11:58:47,7
11:58:49,10
11:58:49,9
11:58:51,8
11:58:51,10
11:58:53,8
11:58:53,8
11:58:55,7
11:58:55,8
11:58:57,7
11:58:57,7
11:58:59,10
11:58:59,7
11:59:01,7
11:59:01,10
11:59:03,9
11:59:03,7
11:59:05,7
11:59:05,9
11:59:07,5
11:59:07,7
11:59:09,5
11:59:09,5
11:59:11,6
11:59:11,5
11:59:13,5
11:59:13,6
11:59:15,7
11:59:15,5
11:59:17,6
11:59:18,7
11:59:19,8
11:59:20,6
11:59:21,9
11:59:22,8
11:59:23,9
11:59:24,9
11:59:25,8
11:59:26,9
11:59:27,9
11:59:28,8
11:59:30,9
11:59:30,9
11:59:32,8
11:59:32,9
11:59:34,8
11:59:34,8
11:59:36,8
11:59:36,8
11:59:38,10
11:59:38,8
11:59:40,7
11:59:40,10
11:59:42,9
11:59:42,7
11:59:44,8
11:59:44,9
11:59:46,9
11:59:46,8
11:59:48,8
11:59:48,9
11:59:50,10
11:59:50,8
11:59:52,9
11:59:52,10
11:59:54,11
11:59:54,9
11:59:56,7
11:59:56,11
11:59:58,7
11:59:58,7
12:00:00,7
12:00:00,7
12:00:02,7
12:00:02,7
12:00:04,12
12:00:04,7
12:00:06,10
12:00:06,12
12:00:08,10
12:00:08,10
12:00:10,8
12:00:10,10
12:00:12,8
12:00:13,8
12:00:14,8
12:00:15,8
12:00:16,6
12:00:17,8
12:00:18,8
12:00:19,6
12:00:20,8
12:00:21,8
